,Resume
0,"['Accounting', 'Presentations', 'Writing', 'Reports', 'Analysis', 'Financial statements', 'Banking', 'Engineering', 'Research', 'Forecasts']['June 2007 – Till date', 'Noble Group/Clear Capital, Mumbai', 'Equity research analyst  at Noble  Group,  a UK-based investment  bank specializing in small and mid-cap', 'equities. Noble’s clients include some of the UK’s top institutional investors such as Scottish Widows, Fidelity,', 'Gartmore, Aberforth, and L&G.', '\uf0a7 Held   joint   responsibility   with   the   team   leader   for   analysing   the   UK   Support   Services   sector,   which', 'encompasses a wide array of business models like equipment rental, accident management, social housing', 'and engineering consultancy.', 'Involved in  all stages of equity research, starting with company meetings and developing sophisticated', 'earning models and ending with writing research notes and servicing clients through roadshows, meetings,', 'and ad-hoc projects.', '\uf0a7', '\uf0a7 Prepared  thematic   industry   notes  on   the   UK   rental   industry   and   the   engineering   consultants   market,', 'highlighting key growth drivers, and identifying top sector picks.', '\uf0a7 Authored five initiation reports, with name duly accorded on their front page.', '\uf0a7', 'Involved with  forensic examination  of financial statements of accident management and vehicle rental', 'companies, with particular emphasis on their operating and financial leverage.', 'Irevna Research Services (subsidiary of S&P), Chennai', 'Oct 2005 – May 2007', 'Offshore  equity   research   associate  responsible   for   fundamental   research   of   European   Household   and', 'Personal Care sector for a bulge bracket investment-banking firm', '\uf0a7 Built  financial   models  for   companies.   Responsible   for   populating   historical   financial   data,   making', 'accounting adjustments, ratio and trend analysis, and preparing forecasts of revenues and profitability.', '\uf0a7 Prepared Industry presentations for the companies under coverage universe.', '\uf0a7 Authored First Call notes for companies under coverage post quarterly earnings and key catalyst events.', 'APPRENTICE', 'Lochan & Co, New Delhi', 'P. K, Narula & Co, New Delhi', '\uf0a7 Conducted internal and statutory audits in different sectors.', '\uf0a7 Finalized accounts, prepared balance sheets, and filed returns of income.', 'Apr 2003 – Aug 2005', 'Aug 2002 - Mar 2003']"
1,"['Python', 'Testing', 'Windows', 'Javascript', 'Analysis', 'Linux', 'Programming', 'C', 'Html', 'Engineering', 'Java', 'Computer science', 'Matlab', 'Email', 'Php', 'Instrumentation']['KHARAGPUR', 'Degree/Certificate \nB.Tech in Computer \nScience and \nEngineering']"
2,"['Analysis', 'Queries', 'Sql', 'C#', 'C', 'Engineering', 'Research', 'Architecture', 'Sql server', 'Video', 'Design', 'Visual', 'English', 'Teaching', 'C++', 'Website', 'Programming', 'Java', 'Content', 'Email', 'Ply', 'Training']"
3,"['Javascript', 'Analysis', 'Sql', 'C', 'Html', 'Engineering', 'Research', 'Technical', 'Design', 'Mathematics', 'System', 'Teaching', 'Perl', 'Experimental', 'C++', 'Python', 'Programming', 'Java', 'Email', 'Php', 'Testing', 'Fabric', 'Mobile', 'Presentation']['B. Tech & M. Tech in Computer Science & Engineering']"
4,"['Analysis', 'Sql', 'Linux', 'C', 'Html', 'Engineering', 'Research', 'Solaris', 'Ai', 'Architecture', 'Flex', 'Audio', 'Design', 'Windows', 'Modeling', 'English', 'System', 'Wxpython', 'Perl', 'Orange', 'Coding', 'Word', 'C++', 'Python', 'Distribution', 'Assembly', 'Plan', 'Programming', 'Experiments', 'Hotel', 'Java', 'Swig', 'Matlab', 'Php', 'Networkx', 'Hardware', 'Database', 'Computer science', 'Mysql', 'Nltk']['B. Tech Thesis', 'DEGREE']"
5,"['Technical', 'Testing', 'Design', 'Budget', 'Finance', 'Mathematics', 'Hardware', 'Programming', 'Database', 'Engineering', 'Cryptography', 'System', 'Computer science', 'Mobile', 'Email', 'Android']"
6,"['Testing', 'Design', 'Windows', 'English', 'Programming', 'Sports', 'Ibm', 'Research', 'Training', 'System', 'Requests', 'Lan', 'Computer science', 'Technical', 'Email', 'Audio', 'Statistics', 'Video', 'Protocols']['Degree/Examination']"
7,"['Security', 'Queries', 'Sql', 'Linux', 'C', 'Html', 'Engineering', 'Research', 'Windows', 'System', 'Oracle', 'Perl', 'C++', 'Policies', 'Inventory', 'Java', 'Warehouse', 'Ruby', 'Supply chain management', 'Computer science', 'German']['Degree / Certificate']['•  Converted the warehouse based service to zone based service so as to provide better scalability with', 'respect to addition of new warehouses and future company expansion policies', '•  The package has been deployed to the Production site and is being used by downstream teams', 'University of Karlsruhe, Germany', 'December,2008 & May-July, 2009', '•  Prepared a detailed report on 3-D Networks-On-Chips highlighting the necessity to mitigate on chip', 'temperature concerns and suggested a run time remapping algorithm incorporating system level adaptivity', '•  Based on the report, the team created new funded positions to initiate research in 3D chips', 'University of Karlsruhe, Germany', 'May-July, 2008', '•  Parallelized Motion JPEG,2000 Decoder for improved performance on multiprocessors', '•  Received  PhD offer and an internship during the subsequent winters']"
8,"['Security', 'Scheduling', 'Chemistry', 'Windows', 'Advertising', 'Plan', 'Mining', 'Programming', 'Pattern', 'Linux', 'Engineering', 'System', 'Algorithms', 'Marketing', 'Audit', 'Economics', 'Access', 'Mobile', 'Email']['B. Tech Hons, Computer  Engineering']"
9,"['C++', 'French', 'Python', 'Design', 'International', 'Analysis', 'Email', 'English', 'Supervisor', 'C', 'Machine learning', 'Engineering', 'Analyze', 'Training', 'Computer science', 'Opencv', 'Content', 'Matlab', 'Video']"
10,"['C++', 'Operating systems', 'Design', 'Assembly', 'Windows', 'Redhat', 'Writing', 'English', 'Programming', 'C', 'Html', 'Engineering', 'Java', 'Training', 'Computer science', 'Circuits', 'Parser', 'Email', 'Cad', 'R']"
11,"['C', 'Html', 'Photoshop', 'Algorithms', 'Telecom', 'Technical', 'Flex', 'Windows', 'System', 'Jsp', 'Python', 'Website', 'Programming', 'Adobe', 'Java', 'Matlab', 'Php', 'Email', 'Redhat', 'Technical skills', 'Database', 'Physics', 'Training', 'Mysql']"
12,"['Queries', 'Hadoop', 'Engineering', 'Algorithms', 'Technical', 'Architecture', 'Mathematics', 'English', 'International', 'Instrumentation', 'Web services', 'Programming', 'Sports', 'Java', 'Ibm', 'Xml', 'Email', 'Testing', 'Training', 'Mobile', 'Sales', 'Statistics']['Extreme Blue Internship Program                                                                   ISL, IBM, Pune, India                                       May’09 – July’09', 'Business', 'Perspective', 'Technical', 'Perspective', 'Achievements', '\uf0a7  Conducted survey in Pune region on the current home delivery status of organized retails', '\uf0a7', 'Proposed and implemented a solution on how to increase home delivery sales in order to compete with the', 'localized general (kirana) stores', '\uf0a7', 'Built an independent Home Delivery module on Java EE platform using open standards such as XML and', 'Web Services', 'Integrated the Home Delivery module with IBM WebSphere Commerce.', '\uf0a7', '\uf0a7  Received highest grade 10/10 in summer internship evaluation at IIT Kharagpur, 2009.', 'RELEVANT COURSES TAKEN', '\uf0a7  Machine learning', '\uf0a7  Algorithms-I', '\uf0a7  Algorithms-II', 'POSITION OF RESPONSIBILITY', '\uf0a7', 'Information Retrieval', '\uf0a7', '\uf0a7  Distributed Systems', '\uf0a7', 'Probability and Statistics', 'Student coordinator of IIT Kharagpur Student Counselling Service.', '\uf0d8  Student member of team that conceptualized and publicized Counselling Centre in IIT Kharagpur after 5 successive suicides', '\uf0a7  Managed  the  systems  team  of  Bitwise-2010,  an  international  algorithmic  intensive  programming  contest  leading  to  the', 'in the campus within a span of 6 months in between Feb’09 and Jul’09.', '\uf0d8  More than 100 students are counselled every month.', '\uf0d8  No mishaps in the campus as of Sep’10 after the establishment of the centre.', '\uf0d8  Went through Gate Keepers Training to identify behavioral change in a person.', 'participation of 3000 teams across 75 countries.', 'Family Sub-head of accommodation team in Spring Fest, 2008.', '\uf0a7', '\uf0a7  Head boy of my Senior Secondary School (Central Hindu School).', 'EXTRA CURRICULAR ACHIEVEMENTS', '\uf0a7  Member of Silver winning team in inter hall OPENSOFT Competition in the session 2007-08.', '\uf0a7  National Sports Organization: Among Top 30 students in Lawn Tennis Team at IIT Kharagpur’06.', 'e']"
13,"['C++', 'Wordpress', 'Prototype', 'Assembly', 'Windows', 'Sql', 'Linux', 'C', 'Database', 'Automation', 'Architecture', 'Software engineering', 'Engineering', 'Java', 'Physics', 'Php', 'Technical', 'Email', 'Startup', 'Api']['B Tech in Computer \nScience Eng. \nXII']['•  Summer Internship, Google R&D, Bangalore, India', '(May-July 2010)', 'Implemented the modules on Dasher Zoo, Irdb Verification and BigTable in Instaweb Configuration Service.', '•  Worked on ‘Instaweb’, a service for webmasters, for speeding up their websites.', '•', '•  Worked on the Instaweb frontend in Developer Console.', '•', '•  Successfully completed my OKRs and got all my code reviewed and checked in.', '•  Reference : Mr. Sridhar Sundaram (Mentor)', 'Implemented a Stubby API between Instaweb Configuration Service and Developer Console.', 'Email Id: <ssundaram@google.com>', '•  Summer Internship, TimeVision Infotech, Kolkata, India', '(May-July 2009)', '•  Worked on ‘Ynotshare’ <www.ynotshare.com>, a social utility that allows users to email the fun forwards', 'they receive so that it can be published and enjoyed by all. I was involved in the creation of the first prototype.', 'Implemented the email listener and parsing modules.', '•  Studied the architecture of the ‘wordpress’ blog and worked on the core database modules.', '•', '•  Designed the algorithm for effectively cleaning the contents of the mail.', '•  Reference : Mr. Siddharth Goyal (Mentor)', 'Email Id: <sidgoyal@gmail.com>', 'EXTRA-CURRICULAR/CO-CURRICULAR ACTIVITIES', '•  Made 2 working robots in my first year at IIT Kharagpur.', '•  Worked in a team to win the Bronze prize in inter hall software development competition (Spring 2010).', '•  Awarded the best speaker at Inter House Debate in school (2003-2004).', '•  Awarded 1st prize at an extempore competition in school (2002-2003).', '•', 'Interested in Lawn Tennis.']"
14,"['C++', 'Testing', 'Mathematics', 'Queries', 'Analysis', 'Email', 'Database', 'C', 'Profiling', 'C#', 'Software engineering', 'Engineering', 'System', 'Java', 'Sports', 'Computer science', 'Mobile', 'Mysql', 'Php']['Degree/Examination']"
15,"['Security', 'Operating systems', 'Autocad', 'Analysis', 'Linux', 'C', 'Html', 'Engineering', 'Research', 'Photoshop', 'Algorithms', 'Technical', 'Architecture', 'Design', 'System', 'Circuits', 'International', 'Electrical', 'Operations', 'C++', 'Python', 'Electronics', 'Mining', 'Programming', 'Adobe', 'Cryptography', 'Java', 'Xml', 'Matlab', 'Email', 'Php', 'Ruby', 'Chemistry', 'Technical skills', 'Database', 'Unix', 'Physics', 'Computer science', 'Mobile', 'Mysql']"
16,"['Javascript', 'C', 'Html', 'Engineering', 'Research', 'Algorithms', 'Api', 'Design', 'Visual', 'Mathematics', 'Teaching', 'Perl', 'C++', 'Assembly', 'Servers', 'Flower', 'Programming', 'Java', 'Matlab', 'Email', 'Physics', 'Computer science', 'Mobile', 'Presentation', 'Product design']['Degree/Certificate', 'B. Tech Project   \n']['Research Assistant                                          Software Practices Lab, University of British Columbia, Vancouver (May 2010 – July 2010)', 'Responsibility', '\uf0b7  Finding and implementing new language constructs in Java which make the code more readable', '\uf0b7  The unique feature of this is that these constructs are fluid in nature and are visible only till the programmer', 'wants', 'Result', 'Implementation was done using an Eclipse plug-in that is available as an open source project', '\uf0b7', '\uf0b7  Mentor: Prof. Gregor Kiczales, Software Practices Lab, Department of Computer Science, University of British', 'Columbia', 'Research Intern                                                                                    Microsoft Research India (May 2009 – July 2009 and December 2009)', '\uf0b7  Using statistical methods to derive rules of usage for a concurrent API', '\uf0b7  Automatically learn the rules of usage of a library thus also being able to find errors in its usage', '\uf0b7  As  a  result  of  my  good  work  I  was  given  the  opportunity  to  continue  with  my  work  there  during  the', 'Responsibility', 'winter vacation', '\uf0b7  We were able to make a running software with good results by the end of my internship', '\uf0b7  Worked during winters on the empirical evaluation of the algorithms and using heuristics to improve both its', 'Result', 'efficiency and quality of results', '\uf0b7  Mentors: Ganesan Ramalingam, Senior Researcher, Microsoft Research India', 'Venkatesh-Prasad Ranganath, Researcher, Microsoft Research India', 'Short Term Teacher for Physics                                                                                    Prerna Classes, Jamshedpur (May 2008 – July 2008)', 'Responsibility', '\uf0b7  Teaching Physics to 800 IIT JEE aspirants at Prerna Classes, Jamshedpur', '\uf0b7  Most challenging part of the job was to be ready to face questions from the students and presenting a solution', 'on board', 'I was rated excellent by the students leading to a salary bonus', '\uf0b7']"
17,"['Security', 'Linux', 'C', 'Html', 'Engineering', 'Algorithms', 'Architecture', 'Cad', 'Design', 'English', 'System', 'Circuits', 'Electrical', 'Electronics', 'Programming', 'Cryptography', 'Java', 'Email', 'Ubuntu', 'Automation', 'Database', 'Computer science', 'Statistics']"
18,"['Testing', 'Chemistry', 'Analytics', 'Hardware', 'Analysis', 'Mining', 'Automation', 'Biology', 'Programming', 'Engineering', 'Research', 'System', 'Training', 'Algorithms', 'Physics', 'Access', 'Computer science', 'International', 'Mobile', 'Architecture']"
19,"['Process', 'Mathematics', 'Analysis', 'Programming', 'Ui', 'Machine learning', 'Engineering', 'Java', 'Physics', 'Click', 'Algorithms', 'Healthcare', 'Parser', 'Technical', 'Email', 'Statistics']"
20,"['Testing', 'C', 'Engineering', 'Sports', 'Financial management', 'Training', 'Email']['M.Tech Project']"
21,"['Communication', 'Scheduling', 'Technical', 'Design', 'Flower', 'Math', 'English', 'Programming', 'Linux', 'Robot', 'Engineering', 'System', 'Unix', 'Algorithms', 'Training', 'Computer science', 'Matlab', 'Architecture']"
22,"['Operating systems', 'Design', 'Mathematics', 'Programming', 'C', 'Cloud', 'Engineering', 'System', 'Algorithms', 'Computer science', 'Teaching', 'Mobile', 'Email', 'Architecture', 'Architectures']['B.TECH PROJECT', 'IIT KHARAGPUR', 'JULY’09-MAY’10', ': Designed an algorithm to find the slices of a given ADDG and implemented in C. Also designed and implemented algorithms to find the functional', 'transformation over a slice and to find the union of two slices and to compare two slices.( ADDG, Array Data Dependency Graph, is a representation', 'of a program that captures the data flow of a program and slice is a sub graph of ADDG that represents the dependence of each output node  on', 'input nodes ).', 'M.TECH PROJECT', 'IIT  KHARAGPUR', 'MAY’10-MAY’11', ':Design and conceptulisation of an Architecture for Cross-Cloud System Management  under the guidance of prof .chitta mandal', '•  We address the  problem of heterogeneity posed by different interfaces by different cloud service providers to their compute resources', 'utilizing varied architectures and implementation technologies through the definition of an architecture of generic interface to facilitate', 'the management of compute resources from different cloud providers in an homogenous manner.', 'Implementation is being done using Amazon ec2 and Nimbus.', '•', 'SKILLS:', '•', 'PROGRAMMING LANGUAGES: C,C++,JAVA,VERILOG.', '•  OPERATING SYSTEMS:WINDOWS(XP,VISTA,7),LINUX.', 'POSITIONS OF RESPONSIBILITY:', '•  Teaching assistantship  in ADVANCED COMPUTER ARCHITECTURE elective course in Computer Science And Engg department.', 'EXTRA CURRICULAR ACHIEVEMENTS:', '•  Member of the Inter Hall Team (LLR Hall) of Case Study Event-2007, IIT Kharagpur.', '•  Member Member of the Inter Hall Team (LLR Hall) of Athletics, for the year 2007,2008 IIT Kharagpur.', '•', 'Volunteer of National Cadet Corps (NCC) ,which engages in grooming the youth of the country into disciplined and patriotic citizens']"
23,"['French', 'Testing', 'Math', 'Plan', 'Sap', 'Ui', 'Engineering', 'Healthcare', 'Java', 'Experiments', 'Cisco', 'P', 'Research', 'Computer science', 'Erp', 'R']['B.Tech']"
24,"['Security', 'Javascript', 'Analysis', 'Software engineering', 'Linux', 'C', 'Engineering', 'Algorithms', 'Payroll', 'Technical', 'Scripting', 'Architecture', 'Flex', 'Design', 'Windows', 'Pr', 'System', 'Circuits', 'Jsp', 'Assembly', 'Programming', 'Cryptography', 'Java', 'Ibm', 'Php', 'Testing', 'Hardware', 'Test cases', 'Database', 'Physics', 'Training', 'Computer science', 'Mobile', 'Mysql']"
25,"['Operating systems', 'Javascript', 'Analysis', 'Autocad', 'Linux', 'C', 'Html', 'Engineering', 'Photoshop', 'Algorithms', 'Technical', 'Architecture', 'Flex', 'Machine learning', 'Design', 'Visual', 'Windows', 'System', 'Financial management', 'Circuits', 'Access', 'Networking', 'Electrical', 'Corel draw', 'C++', 'Website', 'Python', 'Electronics', 'Postgresql', 'Assembly', 'Programming', 'Cryptography', 'Java', 'Email', 'Php', 'Ubuntu', 'Matlab', 'Hardware', 'Database', 'Computer science', 'Mobile', 'Mysql', 'Statistics']['B-Tech\nProject', 'B-Tech, Computer']"
26,"['C++', 'Python', 'C', 'Construction', 'Robot', 'Engineering', 'Java', 'Technical', 'Machine learning', 'Editing', 'Documentation']"
27,"['Communication', 'Operating systems', 'Javascript', 'Queries', 'Linux', 'C', 'Html', 'Engineering', 'Implicit', 'German', 'Editing', 'Video', 'Prototype', 'Windows', 'English', 'Assembly', 'Budget', 'Newspaper', 'Programming', 'Adobe', 'Cloud', 'Java', 'Email', 'Php', 'Css', 'Unix', 'Mobile', 'Mysql', 'Statistics', 'Android']['B Tech in Computer \nScience and Engineering']['\uf0b7  Adobe Systems India (Advanced Technology Lab.)', 'Summer Intern', '(May', 'July 2010)', '\uf0b7  Worked in a team of four, implementing a prototype for video editing services on mobile devices.', '\uf0b7', '\uf0b7  Presented the prototype to a panel consisting of Managing Director and all the Directors of Adobe Systems, India.', 'Introduced cloud computing services to Adobe Premiere, a video editing software.']"
28,"['Security', 'Design', 'Javascript', 'Analysis', 'Reporting', 'Sql', 'English', 'C', 'Html', 'Matlab', 'Writing', 'Java', 'Computer science', 'Technical', 'Email', 'Jsp', 'Statistics']['Cognizant Technology Solutions India Pvt. Ltd. ,Kolkata                                             May-July,2008', 'Tenure', 'Project', 'Responsibilities  To develop a web based software tool for reporting project work statistics to offshore offices using JSP,', 'Development of a Web Based Weekly Project Work Reporting Tool', 'Java, HTML and Apache Tomcat server.']"
29,"['Pharmaceutical', 'Javascript', 'Analysis', 'Sql', 'Engineering', 'Research', 'Algorithms', 'Technical', 'Architecture', 'Design', 'English', 'Pattern', 'Forecasting', 'International', 'Jsp', 'Proposal', 'Mining', 'Biology', 'Sports', 'Java', 'Xml', 'Matlab', 'Email', 'Finance', 'Sas', 'Computer science']['M.Tech']['School of Informatik,University of Rostock,Germany                                                     May-July,2008', 'Tenure', 'Project', 'Responsibilities  To develop a framework for data mining on simulation performance data in Java to generate and', 'Data-Mining on Performance Simulation Data', 'evaluate various kinds of simulation algorithm selectors with stochastic simulation algorithms.', 'Achievements', '\uf0a7  Publication(Cited):Data Mining for Simulation Algorithm Selection', 'SimuTools,Rome,Italy,March,2009. URL- http://portal.acm.org/citation.cfm?id=1537633', '\uf0a7  Suggested Machine Learning approach for Data-Mining based on simulation algorithms', 'from Computational Biology perspective.', 'Knoesis Research Centre,Ohio Centre of Excellence,Dayton,Ohio,USA                       May-July,2009', 'Tenure', 'Project', 'Responsibilities  Semantic Web Techniques such as ontology engineering and knowledge exploration applied to', 'Development of Semantic Browser for Medical Data Analysis', 'Achievements', 'discover reasons for pharmaceutical drug abuse.IR techniques such as indexing and Web design in', 'JSP,JavaScript,Java Servlet used in SVN code sharing environment.', '\uf0a7  Suggested Keyword Search and Triple Search as critical components in the Semantic', 'Browser. URL- http://knoesis1.wright.edu/scooner/demo/semantic_browser_demo.swf', '\uf0a7  US Patent to filed in December,2010.']"
30,"['C++', 'Analysis', 'Cfa', 'English', 'Programming', 'C', 'Engineering', 'Java', 'Strategy', 'Technical', 'Email', 'Certification', 'Coaching', 'Coding']['B Tech in Computer \nScience and Engineering']['the Bloomberg Terminal.', 'commodity prices.', '•  Suraj Stock Broking Services Pvt Ltd, Kolkata', 'May to June,2008', '•  Study of arbitrage opportunities in Indian markets (primarily National Stock Exchange of India).', '•  Execution of profitable trade according to the strategy developed.', 'POSITIONS OF RESPONSIBILITY', '•  Coordinator , The Hope Foundation for Chetla Lockgate area', '2009-2010', '•  Survey on Family Planning was conducted and counseling was arranged for the families in the area.']"
31,"['Communication', 'Autocad', 'Analysis', 'Linux', 'C', 'Engineering', 'Algorithms', 'Architecture', 'Design', 'Visual', 'Windows', 'English', 'System', 'Improvement', 'Electrical', 'Electronics', 'C++', 'Assembly', 'Economics', 'Matlab', 'Email', 'Hardware', 'Radar']"
32,"['Communication', 'Autocad', 'C', 'Engineering', 'Research', 'Visual', 'English', 'Opencv', 'International', 'Excel', 'Electrical', 'Coding', 'Electronics', 'C++', 'Ms excel', 'Plan', 'Xml', 'Email', 'Matlab', 'Chemistry', 'Css', 'Travel']['FORTRAN , C, C++, HTM, CSS, Verilog, XML', '\uf0a7', '\uf0a7 MATLAB ,OpenCV, AutoCAD, MS Office , MS Excel', '\uf0a7', 'Turbo C++, Microsoft Visual C++, CodeBlocks', 'Phone no: +919932571492                  F 212 SN Hall of Residence IIT KHARAGPUR, 721302            Email: lavanya.iitkgp@gmail.com']"
33,"['Electronics', 'Communication', 'Website', 'Regulatory', 'Design', 'Mathematics', 'Process', 'Telecom', 'Physics', 'Research', 'P', 'System', 'Matrix', 'Technical', 'Email', 'Electrical', 'Coding']"
34,"['C++', 'Python', 'Testing', 'Windows', 'Autocad', 'Analysis', 'Vmware', 'Linux', 'Programming', 'C', 'Html', 'Automation', 'Engineering', 'Java', 'Ibm', 'Computer science', 'Matlab', 'Email', 'Php']"
35,"['Electronics', 'Website', 'Security', 'Design', 'Analysis', 'Linux', 'Automation', 'C', 'Research', 'Algorithms', 'Django', 'Email', 'Electrical', 'Coding', 'Specifications']['B Tech in Electronics']"
36,[]
37,[]
38,"['Electronics', 'Security', 'Design', 'Hardware', 'Modeling', 'Database', 'Video', 'Sketch', 'System', 'Research', 'Training', 'P', 'Fabrication', 'Email', 'Architecture', 'Lan', 'R']"
39,"['Communication', 'Operating systems', 'Analysis', 'Linux', 'C', 'Engineering', 'Research', 'Technical', 'Design', 'Visual', 'Windows', 'Mathematics', 'Segmentation', 'System', 'Electrical', 'Microsoft office', 'Electronics', 'C++', 'Assembly', 'Experiments', 'Sports', 'Matlab', 'Email', 'Photography']['George Mason University, Virginia, USA (May – July 2010)', 'Position', 'Responsibilities', 'Short Term Scholar (Summer Intern)', 'Perform independent and cooperative research work on the project “Analysis of the dynamics of the rectus-', 'femoris muscle using Ultrasound coupled with Position Sensors”.', 'EffiKC, Kolkata, India (May – July 2009)', 'Position', 'Responsibilities', 'Microcontroller Programmer (Summer Intern)', 'Perform independent and cooperative work on development and implementation of a communication protocol', 'for enabling multiprocessor communication on the AVR microcontroller platform.', 'Indian Institute of Technology, Kharagpur, India (July 2010 – present)', 'Position', 'Responsibilities', 'Laboratory Assistant', 'Maintenance of lab materials for Basic Electronics course. Provided supervision and tutoring for students', 'working on experiments.']"
40,"['Electronics', 'Communication', 'Investigation', 'Design', 'Analysis', 'System', 'Research', 'Electrical', 'Radar']"
41,"['Communication', 'Analysis', 'Sql', 'C#', 'C', 'Engineering', 'Research', 'Algorithms', 'Fabrication', 'Design', 'Prototype', 'Financial management', 'Electrical', 'Electronics', 'C++', 'Plan', 'Programming', 'Java', 'Economics', 'Matlab', 'Email', 'Automation', 'Database', 'Training']"
42,"['Design', 'Modeling', 'Math', 'Analysis', 'Programming', 'Robot', 'Engineering', 'Physics', 'Technical', 'Access', 'German']['B - 320, R.K. Hall of Residence', 'Minor - CSE', 'DEGREE / CERTIFICATE']"
43,"['Security', 'Communication', 'C', 'Engineering', 'Research', 'Mechanical engineering', 'Technical', 'Design', 'Visual', 'Mathematics', 'Segmentation', 'English', 'Matrix', 'Electrical', 'Instrumentation', 'Electronics', 'C++', 'Budget', 'Matlab', 'Email', 'Hardware']['B.Tech.(H) in Electronics & Electrical']"
44,"['Autocad', 'Analysis', 'Sql', 'C', 'Html', 'Engineering', 'Research', 'Algorithms', 'Technical', 'Architecture', 'Video', 'Design', 'Visual', 'Mathematics', 'Writing', 'Reporting', 'English', 'Transport', 'System', 'Green', 'Lighting', 'Operations', 'Electronics', 'C++', 'Distribution', 'Programming', 'Java', 'Economics', 'Matlab', 'Email', 'Finance', 'Hardware', 'Database', 'Training', 'Mobile', 'Statistics', 'German']['Degree']"
45,"['Javascript', 'Sql', 'Linux', 'C', 'Html', 'Engineering', 'Technical', 'Flex', 'Design', 'Windows', 'Modeling', 'Construction', 'Ui', 'System', 'Oracle', 'Jsp', 'Operations', 'C++', 'Programming', 'Java', 'Email', 'Php', 'Chemistry', 'Css', 'Powerpoint', 'Computer science', 'Parser', 'Mobile']"
46,"['Communication', 'C', 'Html', 'Engineering', 'Research', 'Photoshop', 'Technical', 'Video', 'Visual', 'Conversion', 'Keyboard', 'Opencv', 'Electrical', 'Coding', 'Electronics', 'C++', 'Distribution', 'Programming', 'Adobe', 'Java', 'Matlab', 'Email', 'Photography', 'Mobile']"
47,"['Communication', 'Autocad', 'Queries', 'C', 'Engineering', 'Video', 'Design', 'Windows', 'English', 'Teaching', 'Electronics', 'Budget', 'Cfa', 'Programming', 'Matlab', 'Email', 'Mis', 'Database', 'Training', 'Mobile', 'Mysql']['using regarding to that database using ASP.NET during the training.', 'B.TECH PROJECT', 'IIT KHARAGPUR', 'JULY’09-MAY’10', 'IMPLEMENTATION OF A POWER LINE COMMUNICATION CHANNEL:', 'Implementation of PLC channel in SIMULINK and MATLAB using equations and Block diagrams from various IEEE papers', 'Implementing AWGN channel using same transmitter and receiver that used in PLC and comparing results.', 'PROGRAMMING LANGUAGES: C, ASP.NET , VERILOG.', 'SKILLS:', '•', '•  ENGINEERING TOOLS: AUTOCAD, MATLAB, PSPICE, XILINX, CADENCE, SILVACO .', '•  OPERATING SYSTEMS: WINDOWS.', 'POSITIONS OF RESPONSIBILITY:', '•  Designing team Sub-Head for Asia’s biggest techno-management festival Kshitij, (budget: INR 7.2 mn), 2008', '•  Led a Team of 20 members to manage and design arena for 4 weeks at IIT Kharagpur', '•  Core team member to organize the event X-games (which has 300 participants from overall India) in Kshitij.', '•  Organized events KCL 2.0 and 3.0 in IIT Kharagpur successfully with more than 50 participants.', '•  Core team member of Rangoli (prestigious competition during Illu) which WON silver in 2009.', '•  Member of Spectra organization dedicated to arts in IIT Kharagpur which organized many events recently.', '•  Teaching assistantship  in Introduction to electronics laboratory for second year students.', '•  Have participated and placed Top 3 in events like X- games, Lanthrax with my clan in Counter Strike 1.6.', '•', '•', 'Inter Hall member of Chess.', 'Inter Hall member of Hall’s fine arts team and Won silver in Thermo coal modelling.', 'EXTRA CURRICULAR ACHIEVEMENTS AND INTERESTS:', '•', '•  Won silver for costume designing in English Dramatics.', '•', '•  Member of Kgp Cyber League organization.', '•', '•  Member of  National Service Scheme during 2007-08', '•  Member of National Cadet Corps (NCC) of Indian Army, Annual Training Camp: completed successfully.', '•  Winners of fresher’s event in Sketching conducted by Gymkhana.', '•', '•  Have taken Karate classes.', '•  Attempted CFA in summer 2010 ( july ) .', 'Participated in Inter Hall Product designing and English Dramatics.', 'I like to play Cricket and Volley ball and all computer video games.']"
48,"['Javascript', 'Process', 'Linux', 'C', 'Html', 'P', 'Fabrication', 'Design', 'Windows', 'Pr', 'Os', 'System', 'Electrical', 'R', 'Electronics', 'C++', 'Email', 'Ubuntu', 'Testing', 'Css', 'Training', 'Mobile']['e approved fo\nder process f', 'Percentage', 'e was measu', 'B-Tech']"
49,"['Electronics', 'Communication', 'Design', 'Budget', 'Analysis', 'Pattern', 'English', 'C', 'Engineering', 'Algorithms', 'P', 'Teaching', 'Portfolio management', 'Fabrication']"
50,"['C++', 'Design', 'Windows', 'Autocad', 'Matlab', 'Linux', 'C', 'Programming', 'Html', 'Engineering', 'Training', 'P', 'Mobile', 'Mysql', 'Mis']['B.Tech Project', 'IIT Kharagpur', 'July’09 – May’10', '\uf0fc  Worked on “Noise Characterization in p-type Nanowire FinFETs” under Prof.C K Maiti, regarding', 'characterization of flicker noise and RTN noise in FinFETs.', 'M.Tech Project', 'IIT Kharagpur', 'May’10 – May’11', '\uf0fc  Development of Co-Simulation environment for Top-Down AMS Design flow and developing Regression', 'Models using Singular Value Decomposition technique.']"
51,"['C++', 'Communication', 'Ms excel', 'Design', 'Modeling', 'Matlab', 'Programming', 'Excel', 'C', 'Research', 'System', 'Marketing', 'Oracle', 'Circuits', 'Economics', 'Matrix', 'Mobile', 'Email']['\uf0b7', 'Interned at USC, LA as a research student in the field of carbon nanotubes research.', '\uf0b7  Performed the modeling of Nanotube based transistor circuits for radio applications.', '\uf0b7  Worked with Intinno technologies.', '(May – July 2010)', '(July 2009 - May 2010)', '\uf0b7  Design of web pages for the Intinno help site.', '\uf0b7  The further tasks were to market the product Intinno to teachers inside IITKGP.', 'POSITIONS OF RESPONSIBILITY', '\uf0b7  Served as Marketing Ambassador inside IIT for Intinno technologies.', '\uf0b7  Group leader communication team STUSAT-1 (IIT KGP student satellite).', '(July 2009- May 2010)', '(August 2010 – present)', '\uf0b7', 'I supervise the communication system design, and the products to be used for the deployment.', 'EXTRA-CURRICULAR/CO-CURRICULAR ACTIVITIES', '\uf0b7  Squad member of the inter hall football team for sessions 2008-2009, 2009-2010.', '\uf0b7  Worked as second goalkeeper for the team (2009-2010), and a centre back (2008 – 2009).', '\uf0b7  The team won gold on both occasions.', '\uf0b7  Squad member of the inter hall cricket team for session 2008-2009.', '\uf0b7  Served as NCC Cadet in Air Force Wing, session 2007-2008, and successfully attended winter camp.', '\uf0b7  Participation in various quiz events of Kshitij and SF.']"
52,"['Electronics', 'Visual', 'Hardware', 'Modeling', 'Supervisor', 'Programming', 'C', 'System', 'Algorithms', 'Matlab']"
53,"['Electronics', 'Communication', 'Design', 'Hardware', 'Automation', 'Engineering', 'Routing', 'System', 'Training', 'Algorithms', 'Research', 'Circuits', 'Audit', 'Sports', 'Email', 'Cad', 'Electrical', 'Presentation']"
54,"['Communication', 'Linux', 'C', 'Engineering', 'Research', 'Photoshop', 'Editing', 'Video', 'Design', 'Windows', 'English', 'System', 'Oracle', 'Circuits', 'Matrix', 'Experimental', 'Electrical', 'Electronics', 'Programming', 'Adobe', 'Sports', 'Matlab', 'Mis', 'Email', 'Gis', 'Photography', 'Automation', 'Physics', 'Statistics']"
55,"['Communication', 'Operating systems', 'Autocad', 'Analysis', 'Linux', 'C', 'Engineering', 'Technical', 'Surprise', 'Positioning', 'Design', 'Windows', 'Visual', 'Pattern', 'System', 'Electrical', 'Coding', 'Electronics', 'C++', 'Programming', 'Sports', 'Java', 'Matlab']['MITACS Globalink,', 'Q1 Labs / University', 'of New Brunswick,', 'Canada', '(May 10-July 10)', 'University of', 'Applied Sciences', 'Giessen-Friedberg,', 'Germany', '(May 09-July 09)', '\uf0b7  Problem:  Development  of  a  Log  Management  tool,  which  focuses  on  processing  various  formats  of  logs', 'generated from different sources through a single code, which is able to parse the ever varying “ad-hoc” data.', '\uf0b7  Job  profile:  This  project  was  supervised  by  Dr.  Ali  Ghorbani  in  close  collaboration  with  Q1  Labs', '(http://q1labs.com/Solutions/Log-Management.aspx).', '\uf0b7  Achievements: This software handles “all” kinds of logs, generating “schema”  used for various user-defined', 'functions. Q1 labs will be applying for a patent and is going to launch the product in summer next year.', '\uf0b7  Problem: Developing an absolute encoder which provides a contactless method for displacement measurement.', '\uf0b7  Job  profile:  Worked  under  the  supervision  of  Dr.  Ubbo  Ricklefs.  Responsibilities  include  conducting  an', 'extensive analysis on the behavior of Optical sensors when used on moving corned surfaces.', '\uf0b7  Achievements: Achieved 98% efficiency in measurement of movement with accuracy reaching smaller than 1', 'micron  depending  on  the  size  of  algorithm  and  magnification.  Industrial  applications  include  displacement', 'Measurement, Positioning and Sensors for autonomous robots.', 'Extra Curricular Activities', 'POSITIONS OF', 'RESPONSIBILITY', 'Kharagpur.', '\uf0b7  Representative head of Mitacs New Brunswick, responsibilities included welfare of other interns and media face.', '\uf0b7  Chairing member of Kharagpur Cyber Championship, an annual inter college competition organized by IIT', 'TECHNICAL &', 'SPORTS', '\uf0b7  Member of the Gold winning Product Design team of    R.K.Hall of residence.', '\uf0b7  Member of the Silver winning Bengali Dramatics team of    R.K.Hall of residence.', '\uf0b7', '\uf0b7  Member of FOOTBALL team of R.K.Hall of Residence.', 'Participated in many robotics and coding events in Kshitij 2008 and Kshitij 2009.', 'SOCIAL &', 'ENVIRONMENTAL', 'WORK', '\uf0b7  Active member of the Gopali Youth Welfare Society (GYWS) aimed at ensuring socio-economic welfare for', 'underprivileged and weaker sections of the society at Gopali village 5 km from IIT Kharagpur. Its main motto', 'is ""not to make the children literate, but to make them educated"".', '\uf0b7  Volunteer of the Environmental awareness program under National Service Scheme.', '\uf0b7  We also developed a low-cost system (named it “CRYOCOOLING”) to preserve vegetables in hot, humid', 'climate for longer time.']"
56,"['C', 'Html', 'Engineering', 'Research', 'Migration', 'Technical', 'Scripting', 'Cad', 'Scheduling', 'Design', 'English', 'System', 'Perl', 'International', 'Word', 'C++', 'Python', 'Servers', 'Programming', 'Cloud', 'Ibm', 'Java', 'Email', 'Matlab', 'Php', 'Shell', 'Computer science', 'Wheel', 'Mobile', 'Mysql', 'Presentation', 'Orator']['• École Polytechnique Fédérale de Lausanne (EPFL), Switzerland                                                                               (May 2010 - July 2010)', '\uf0a7  Title: Predicting Policy Changes that can inflict divergence in Border Gateway Protocol                     Guide: Prof. Dejan Kostić, Networked System Lab', '\uf0a7  Received Inventorship in the Patent being filed “Predicting faults in large scale systems”, Paper presently in preparation', '• IBM India Research Lab                                                                                                                                        (June - November 2009)', 'POSITIONS OF RESPONSIBILITY', 'DEPARTMENT', 'REPRESENTATIVE', '• Undergraduate Academic Advisory Committee, 2009 – 2011', '\uf0a7  Nominated by Head of the Department to be a part of the 4 member committee', '\uf0a7  Student Representative for feedback regarding courses and suggesting changes in curriculum', '•  Nominated to lead the Hall Team in the following events in Gymkhana General Championships, 2010 – 2011', '\uf0a7 Steered the Hall Team to 1st Prize in 2009 – 2010 as the Coordinator', '\uf0a7 Conducted Java Workshop for the Freshmen Batch', 'Opensoft', 'CAPTAIN', 'Debate', '\uf0a7 Mentored the Freshmen Debate team that bagged  all  3  positions  in  Foundation  Day', 'English Elocution', 'Debate, 2010', 'Dumb - Charades', 'Events', 'What’s the Good Word', '\uf0a7 Organizing weekly practice sessions to ensure competent participation in the Inter – Hall', 'EXTRA – CURRICULAR ACHIEVEMENTS', 'LITERARY', 'AND', 'DRAMATICS', 'TECHNICAL', '• Won Gold Medal, Inter - Hall English Dramatics, 2009 - 2010', '• Won 2nd Prize, Dumb - Charades Competition in National Level Cultural Fest, Spring Fest, 2010', '• Led the Presentation Team of Lala Lajpat Rai Hall to Silver Medal in Inter - Hall Illumination, 2009 & 2010', '• Awarded “Orator Par Excellence” of the School, 2005', '• Awarded Best Hindi Speaker and Debater of the School, 2003', '• Won Gold Medal, Inter - Hall Software Design Competition (Opensoft), 2009 - 2010', '• Won 3rd Prize, Circuit Design Competition (Anadigix) in National Level Technical Fest, Kshitij, 2010', '• Stood 5th, Overnite ACM - ICPC Multi Provincial Programming Competition, 2010']"
57,"['Electronics', 'Communication', 'Design', 'Hardware', 'Mathematics', 'Database', 'Engineering', 'Research', 'Physics', 'Training', 'System', 'International', 'Electrical']"
58,"['Testing', 'Design', 'Prototype', 'Benchmark', 'Mathematics', 'Matlab', 'System', 'Health', 'Debugging', 'Fabrication', 'Mobile', 'Email', 'Protocols']['May’10 – July’10']"
59,"['Communication', 'Robot', 'Engineering', 'Research', 'Algorithms', 'Scripting', 'Technical', 'Api', 'Db2', 'Installation', 'Design', 'Marketing', 'Access', 'Electrical', 'Electronics', 'Website', 'Plan', 'Sports', 'Ibm', 'Java', 'Matlab', 'Shell', 'Hardware', 'Product design']"
60,"['Electronics', 'Communication', 'Design', 'Hardware', 'Modeling', 'C', 'Sports', 'Research', 'System', 'Health', 'Algorithms', 'Training', 'Healthcare', 'Technical', 'Email', 'Electrical']['singhharkanwal@gmail.com']"
61,"['Benchmark', 'Analysis', 'C', 'Research', 'Algorithms', 'Technical', 'Architecture', 'Machine learning', 'Design', 'Analytical', 'Acquisition', 'Conversion', 'System', 'Matrix', 'International', 'Improvement', 'Word', 'C++', 'Electronics', 'Programming', 'Java', 'Economics', 'Matlab', 'Email', 'Hardware', 'Parser', 'Analytical skills', 'Presentation', 'Sdlc']['Siemens\xa0Information\xa0System\xa0Ltd.\xa0(Div.:\xa0Corporate\xa0Technology),\xa0Bengaluru,\xa0India\xa0\xa0\xa0\xa0\xa0\xa0\xa0\xa0\xa0\xa0\xa0\xa0\xa0\xa0\xa0\xa0\xa0\xa0\xa0\xa0\xa0\xa0\xa0\xa0\xa0\xa0\xa0\xa0\xa0\xa0\xa0\xa0\xa0\xa0\xa0\xa0\xa0\xa0\xa0\xa0\xa0\xa0\xa0\xa0\xa0\xa0\xa0\xa0\xa0\xa0\xa0may\xa0’10\xa0–\xa0july\xa0‘10', 'Title:\xa0Hardware\xa0for\xa0“Single\xa0Pixel\xa0Camera”\xa0‐\xa0Compressive\xa0Sensing.\xa0\xa0\xa0\xa0\xa0\xa0\xa0\xa0\xa0\xa0\xa0\xa0\xa0\xa0\xa0\xa0\xa0\xa0\xa0\xa0\xa0\xa0\xa0\xa0\xa0\xa0\xa0\xa0\xa0\xa0\xa0\xa0\xa0\xa0\xa0\xa0\xa0\xa0\xa0\xa0\xa0\xa0\xa0\xa0\xa0\xa0\xa0\xa0\xa0\xa0\xa0\xa0\xa0\xa0\xa0\xa0\xa0\xa0\xa0\xa0\xa0\xa0\xa0\xa0\xa0\xa0\xa0\xa0\xa0\xa0\xa0\xa0\xa0\xa0\xa0\xa0\xa0\xa0\xa0\xa0\xa0\xa0under\xa0Varun\xa0AV', '•  Programmed\xa0a\xa0Virtex‐5\xa0FPGA\xa0for\xa0controlling\xa0a\xa0digital\xa0micro‐mirror\xa0device,\xa0data\xa0acquisition\xa0and\xa0IO\xa0interface\xa0via\xa0USB', '•  Proposed\xa0using\xa0the\xa0same\xa0setup\xa0for\xa0infrared\xa0imaging\xa0and\xa0spectrum\xa0analysis,\xa0which\xa0was\xa0well\xa0appreciated\xa0and\xa0was\xa0offered\xa0PPI', 'Microsoft\xa0Research\xa0Labs\xa0India\xa0Pvt.\xa0Ltd.\xa0(Multilingual\xa0Systems\xa0Group),\xa0Bengaluru,\xa0India\xa0\xa0\xa0\xa0\xa0\xa0\xa0\xa0\xa0\xa0\xa0\xa0\xa0\xa0\xa0\xa0\xa0\xa0\xa0\xa0\xa0\xa0\xa0\xa0\xa0\xa0\xa0\xa0\xa0\xa0\xa0\xa0\xa0\xa0\xa0\xa0\xa0\xa0\xa0\xa0may\xa0’09\xa0–\xa0july\xa0‘09', 'Title:\xa0Prosody\xa0based\xa0classification\xa0of\xa0utterances\xa0of\xa0the\xa0Hindi\xa0word\xa0“haaN”.\xa0\xa0\xa0\xa0\xa0\xa0\xa0\xa0\xa0\xa0\xa0\xa0\xa0\xa0\xa0\xa0\xa0\xa0\xa0\xa0\xa0\xa0\xa0\xa0\xa0\xa0\xa0\xa0\xa0\xa0\xa0\xa0\xa0\xa0\xa0\xa0\xa0\xa0\xa0\xa0\xa0\xa0\xa0\xa0\xa0\xa0\xa0\xa0\xa0\xa0\xa0\xa0\xa0\xa0\xa0\xa0under\xa0Dr.\xa0Kalika\xa0Bali', '•  Identified\xa0the\xa0distinct\xa0prosodic\xa0cues\xa0associated\xa0with\xa0various\xa0types\xa0of\xa0utterances\xa0and\xa0used\xa0it\xa0for\xa0k‐means\xa0clustering', '•  Achieved\xa0a\xa060%\xa0efficiency\xa0in\xa0a\xa0three\xa0way\xa0classification,\xa0which\xa0was\xa0a\xa0big\xa0improvement\xa0than\xa0at\xa0random\xa0classification', 'Dept.\xa0of\xa0ECE,\xa0University\xa0of\xa0Colorado,\xa0Boulder,\xa0USA\xa0\xa0\xa0\xa0\xa0\xa0\xa0\xa0\xa0\xa0\xa0\xa0\xa0\xa0\xa0\xa0\xa0\xa0\xa0\xa0\xa0\xa0\xa0\xa0\xa0\xa0\xa0\xa0\xa0\xa0\xa0\xa0\xa0under\xa0Dr.\xa0Frank\xa0Barnes\xa0\xa0\xa0\xa0\xa0\xa0\xa0\xa0\xa0\xa0\xa0\xa0\xa0\xa0\xa0\xa0\xa0\xa0\xa0\xa0\xa0\xa0\xa0\xa0\xa0\xa0\xa0\xa0\xa0\xa0\xa0may\xa0’08\xa0–\xa0july\xa0‘08', '•  Prepared\xa0BaTiO3\xa0pellets\xa0for\xa0usage\xa0as\xa0super‐capacitor\xa0(ε\xa0>\xa06000\xa0&\xa0breakdown\xa0voltage\xa0strength\xa0>\xa0100,000\xa0V/cm)', '•  Designed\xa0high\xa0torque,\xa0high\xa0efficiency\xa0motor\xa0for\xa0International\xa0Future\xa0Energy\xa0Challenge,\xa02009,\xa0which\xa0won\xa02\xa0of\xa0the\xa06\xa0awards', 'POSITIONS\xa0OF\xa0RESPONSIBILITY', 'Student\xa0Advisor\xa0of\xa0Entrepreneurship\xa0Cell,\xa0IIT\xa0Kharagpur\xa0\xa0\xa0\xa0\xa0\xa0\xa0\xa0\xa0\xa0\xa0\xa0\xa0\xa0\xa0\xa0\xa0\xa0\xa0\xa0\xa0\xa0\xa0\xa0\xa0\xa0\xa0\xa0\xa0\xa0\xa0\xa0\xa0\xa0\xa0\xa0\xa0\xa0\xa0\xa0\xa0\xa0\xa0\xa0\xa0\xa0\xa0\xa0\xa0\xa0\xa0\xa0\xa0\xa0\xa0\xa0\xa0\xa0\xa0\xa0\xa0\xa0\xa0\xa0\xa0\xa0\xa0\xa0\xa0\xa0\xa0\xa0\xa0\xa0\xa0\xa0\xa0\xa0\xa0\xa0\xa0\xa0\xa0september\xa0’06\xa0‐\xa0present', '• \xa0\xa0Organizing\xa0team\xa0member\xa0of\xa0E‐Summit\xa02006,\xa0‘07,\xa0‘09(as\xa0Student\xa0Manager)\xa0&\xa0‘10(as\xa0Coordinator).', '• \xa0\xa0Sponsorship\xa0team\xa0head\xa0for\xa0E‐Summit\xa0‘09\xa0and\xa0brought\xa0a\xa0sponsorship\xa0amount\xa0of\xa04\xa0lakhs.', '•  Initiated\xa0and\xa0promoted\xa0Fund‐A‐KGPian,\xa0Entrepreneurship\xa0Awareness\xa0Drive\xa0and\xa0setting\xa0up\xa0of\xa0a\xa0VC\xa0panel\xa0for\xa0mentorship.', 'EXTRA‐CURRICULAR/CO‐CURRICULAR\xa0ACTIVITIES', '•', 'Finalists\xa0at\xa0GE\xa0Edison\xa0Challenge,\xa02009\xa0at\xa0John\xa0F\xa0Welch\xa0Technology\xa0Centre\xa0(one\xa0of\xa018\xa0teams\xa0from\xa0all\xa0over\xa0India)', '•  Had\xa0to\xa0visit\xa0a\xa0nearby\xa0village\xa0to\xa0interact\xa0with\xa0the\xa0villagers,\xa0assess\xa0their\xa0power\xa0situation\xa0and\xa0propose\xa0a\xa0solution.', '•  Designed\xa0an\xa0AC‐Coupled\xa0Microgrid\xa0using\xa0renewable\xa0energy\xa0and\xa0laid\xa0down\xa0the\xa0power\xa0electronics\xa0for\xa0the\xa0interface.', 'Part\xa0of\xa0Guest\xa0Reception\xa0team\xa0of\xa0Illumination\xa0‘10\xa0of\xa0Rajendra\xa0Prasad\xa0Hall\xa0of\xa0IIT\xa0Kharagpur,\xa0which\xa0went\xa0on\xa0to\xa0win\xa0gold.', 'Finalist\xa0at\xa0Anadigix(the\xa0circuit\xa0design\xa0contest)\xa0and\xa0Overnite\xa0(the\xa0programming\xa0contest)\xa0at\xa0Kshitij‐2009.', '•', '•', '•  Completed\xa0Senior\xa0Diploma\xa0in\xa0painting\xa0from\xa0Ankan\xa0Kala\xa0Bibhag,\xa0Bangiya\xa0Sangeet\xa0Parishad', '•', 'Participated\xa0in\xa0West\xa0Bengal\xa0State\xa0Taekwondo\xa0Championship\xa0in\xa01995\xa0and\xa0Delhi\xa0State\xa0Table\xa0Tennis\xa0Championship\xa0in\xa02001.']"
62,"['Electronics', 'Communication', 'Calculus', 'C++', 'Windows', 'Autocad', 'Matlab', 'Linux', 'Programming', 'C', 'Engineering', 'Physics', 'Algorithms', 'Radar', 'Email', 'Electrical', 'Statistics']['7.75', 'B Tech in Electronics']"
63,"['Advertising', 'Benchmark', 'Mathematics', 'Pr', 'Analysis', 'Mining', 'Analytics', 'Process', 'Programming', 'Robot', 'Research', 'Algorithms', 'P', 'Logistics', 'Perl', 'International', 'Technical', 'Statistics', '.net', 'Word']['Development  team, Yahoo!  Software Development Pvt. Limited                                             (May  – Jul 10)', 'o  Developed  a  perl  package  to find  pool  of  words  related  to a given  word  helping  advertisers  to target  621', 'million  users who  use Yahoo!  search  engine', 'o  Explored  several  non-orthodox  topics like using social profile,  communities of  interest, recommendation', 'systems and  clustering algorithms  to improve  targeted  online  advertising', 'Research  team, University  of Gottingen,  Germany                                                                  (May  – Jul 09)', 'Improved  current  version  of  Dailign  program  for  sequence  alignment  by incorporating  protein  secondary', 'structure  information  by an  average  of 2-3%  on  benchmark  cases', 'o', 'o  Offered  a research  scholar  position in department  of bioinformatics,  University  of  Gottingen', 'Analytics team, Genpact                                                                                                              (May  –  Jun  08)', 'o  Automated  credit  risk calculation  using VBA which  saved  70% of  total time required  for  the process', 'o  Calculations  done  on quarterly  basis are  now  done  every  10 days giving  update  information  to clients', 'Positions of  responsibility', 'Microsoft  Student Partner, Microsoft  ambassador  to IIT  Kharagpur                                         (Oct 08 – present)', 'o  Conducted  4 technical  sessions to improve  awareness  of Microsoft  product  with  average  of  70 students', 'o  Organized  conference  for  academic  collaboration  of  law  school, IIT  Kharagpur  with  Microsoft', 'o  Working  as collaborator  in IEEE TechSym  2010  and  Aarambh,  an NGO,  working  for  digital  literacy', 'Captain  of  Inter-h all  Open so ft  (pro g ram m in g )  team,                                                                   (Jul  08  - 10)', 'o  Guided  a  team  of  20-25  students', 'o  Devel oped  a  novel  digital  water marki n g  techni que  which  won  2nd  prize  in inter-hall  competiti o n', 'o  Among  top 30  teams of  700  in ACM/ICPC  Multi-Provincial  Programming  contest in 2009  and  2010', 'in  various  progr am mi ng  competiti ons', 'in  and  outside  the  campus', 'Coor di nator ,  Kshitij                                                                                                                            (Jan  09)', 'o  Managed  logistics  of  a  live  concer t  of  2000  strength  audienc e  at  asia’s  larges t  techno- m anag em ent  fest', 'Extra-curricular  Activities', 'Table  tennis', 'o  Represented  Durg  zone at state level  table  tennis tournament  in sub-juniors  category  in 2002', 'o  Represented  DPS Bhilai  thrice at CBSE cluster level  tournament   in 2002,  2003  and  2004', 'o  Captain  of  my hostel table  tennis team  for  academic  session 2009-2010', 'o  Won one  silver  and  two bronze  in inter-hall  tournament  in 2010,  2009,  2007  respectively', 'Member  of bronze  winning  hostel football  team, 2009.  Member  of  athletics and  chess team']"
64,"['Communication', 'Mock', 'Pharmaceutical', 'Policies', 'Mathematics', 'Analysis', 'Modeling', 'Engineering', 'Research', 'Audit', 'Partnerships', 'P', 'Partnership', 'International', 'Mobile', 'Email', 'Statistics']"
65,"['Scheduling', 'Mathematics', 'Segmentation', 'Analytical', 'Math', 'Database', 'Writing', 'Sas', 'Algorithms', 'Training', 'Crm', 'Supervising', 'Improvement', 'Email', 'Sales', 'Statistics']['Degree/Exam']"
66,"['Analysis', 'C', 'P', 'Analytics', 'Mathematics', 'Pattern', 'Branding', 'Excel', 'R', 'Ms excel', 'Distribution', 'Hypothesis', 'Cfa', 'Plan', 'Sports', 'Economics', 'Content', 'Money', 'Database', 'Procurement', 'Certification']"
67,"['C++', 'Visual', 'Windows', 'Autocad', 'Technical skills', 'Sql', 'Linux', 'C', 'Adobe', 'C#', 'Engineering', 'System', 'Research', 'Training', 'Solaris', 'Photoshop', 'Java', 'Computer science', 'Technical', 'Email']"
68,"['Analytics', 'Analysis', 'Process', 'Sas', 'Research', 'System', 'Responses', 'Improvement', 'Matlab', 'Statistics']['Degree']"
69,"['Distribution', 'Analysis', 'Segmentation', 'Reports', 'Forecasting', 'Transport', 'Market research', 'Research', 'Financial management', 'Economics', 'Email', 'Statistics']"
70,"['Analysis', 'Process', 'Banking', 'Research', 'Vendors', 'Talent management', 'Mathematics', 'Branding', 'Recruitment', 'Operations', 'Website', 'Budget', 'Mining', 'Sports', 'Economics', 'Email', 'Daily operations', 'Database', 'Profiling', 'Training', 'Mobile', 'Sales']['ADA Sustainable Investment Services Pvt Ltd, Mumbai (Summer Intern)                                                                          May-July 2010', '\uf0a7  Assisted ADA Investments, based out of NYC to set up a subsidiary office of the Hedge Fund in Mumbai', '\uf0a7', '\uf0a7  Made back testable data lists specific to trading strategies to be subjected to AUM(Assets Under Management) in excess of INR 200 crore', '\uf0a7  Proposed and executed subscription worth INR 1.2 lacs based on data adequacy of Prowess over Capitaline and Bloomberg', 'GreenHat Ventures Pvt. Ltd. (Manager, Campus Relations, North Zone)                                                                  Sept 2008-Sept 2009']"
71,"['Distribution', 'Analysis', 'Writing', 'Analytical', 'Forecasting', 'Pattern', 'Programming', 'C', 'Construction', 'Research', 'Analyze', 'Algorithms', 'Java', 'Green', 'Electrical', 'Statistics', 'R']['MSc. Integrated (Statistics and Informatics)']"
72,"['Publishing', 'Website', 'Analytics', 'Servers', 'Mathematics', 'Process', 'Analysis', 'Proposal', 'English', 'Experiments', 'System', 'Physics', 'Research', 'Analyze', 'Sports', 'Risk management', 'Statistics', 'German']['MSC PROJECT', 'Degree/Examination']"
73,"['Autocad', 'Analysis', 'C', 'Banking', 'Engineering', 'Research', 'Photoshop', 'Mechanical engineering', 'Api', 'Mathematics', 'English', 'Statistical analysis', 'Oracle', 'Logistics', 'Improvement', 'Excel', 'Coding', 'C++', 'Sports', 'Java', 'Matlab', 'Chemistry', 'Database', 'Sas', 'Physics', 'Statistics']"
74,"['Finance', 'Policies', 'Analysis', 'Forecasting', 'Banking', 'Research', 'Operations', 'Economics', 'International', 'Email', 'Statistics', 'Mortgage']"
75,"['Regulatory', 'Finance', 'Money', 'Analysis', 'Matlab', 'R', 'Forecasting', 'Pattern', 'Banking', 'Research', 'Statistics', 'Economics', 'International', 'Technical', 'Email', 'Certification', 'Compliance']"
76,"['Publishing', 'Process', 'Plan', 'Training', 'Logistics', 'Metrics', 'Economics', 'Hospitality']"
77,"['Distribution', 'Budget', 'Policies', 'Mathematics', 'Analysis', 'Design', 'Excel', 'C', 'Economics', 'Matlab', 'Email', 'Statistics', 'R', 'Coding']"
78,"['Javascript', 'Analysis', 'Process', 'C', 'Html', 'Engineering', 'Algorithms', 'Vendor management', 'Architecture', 'Architectures', 'Design', 'Prototype', 'Mathematics', 'Os', 'System', 'Circuits', 'Lighting', 'C++', 'Python', 'Psychology', 'Budget', 'Programming', 'Java', 'Ibm', 'Php', 'Ruby', 'Shell', 'Testing', 'Database', 'Automation', 'Training', 'Computer science', 'Mysql', 'Statistics']"
79,"['Microsoft excel', 'Design', 'Finance', 'Mathematics', 'Analysis', 'Forecasting', 'Excel', 'English', 'Sports', 'Research', 'Economics', 'International', 'Transactions', 'Email', 'Business management', 'Strategy', 'Mortgage']['Helsinki School of Economics (Department of Finance), Finland', '“Merger Control of National Champion Transactions in Small and Large EU Countries”', 'Ø Was one of the only two international candidates selected to be part of the program.', 'Ø The work is scheduled to culminate into a publication in the Journal of International Business Studies.', 'Ø Amassed and analysed data pertaining to European mergers using tools such as Thomson Worldscope and SDC platinum.', 'Intern', 'IL&FS Portfolio Management Services Ltd, Mumbai', 'Options Trading Strategy', '[Summer 2009]', 'Ø Developed an updatable model for volatility-based options trading using volatility forecasting techniques, applicable on', '[Summer 2010]', 'Research Assistant', 'the S&P CNX NIFTY Index. (Using Microsoft Excel)', 'Ø Report adopted as an aid in trading decisions.', 'Housing Development Finance Corporation Ltd (HDFC),Hyderabad', 'Analysis of defaults in mortgage loans on NRI portfolio', 'Ø Ascertained causal factors of loan defaults and suggested an appropriate recovery mechanism.', 'Intern', '[Summer 2008]', 'Masters Thesis (in progress)', 'Ø “Carbon credits in Indian Industry”                                                                                                                                     [2010- 2011]', 'Ø  Co-author of research paper, alongside Dr. Joy Mukhopadhyay (Jain University).', 'Ø  Abstract submitted for a conference at Indian Institute of Social Welfare and Business Management (IISWBM).', 'Positions of Responsibility', 'Ø  Organizing Team Head, Spring Fest – national level annual cultural fest of IIT Kharagpur                              [2009]', 'Ø Guided a 24 member team in amassing sponsorship worth 50 lacs and hosting 10,000 participants.', 'Ø As Media Head - coordinated the coverage of the fest by MTV for the first time in the history of the fest', 'Ø As Events Head- planned the overall event structure of 50-plus events, incorporating 7 new events.                             [2009]', 'Ø  Captain, Western Music and English Elocution team, Azad Hall                                                                              [2010-2011]', 'Ø Led the English Elocution team to a silver position in the inter-hall championship 2010-2011.', 'Ø  Head Boy,  Gitanjali School, Hyderabad.                                                                                                                                [2004]', 'Extra-Curricular Activities and Achievements', 'Ø  Sponsored Participant, Tata Jagriti Yatra 2009                                                                                                                  [2009]', 'Ø 18-day train journey across 15 cities with the central theme of social entrepreneurship.', 'Ø Awarded full funding of INR 30,000 - selected in top 400 among thousands of applicants internationally.', 'Ø Attended workshop on rural development in Deoria, UP. Presented a case study on Goonj, an NGO.', 'Ø  Lead singer & guitarist, WTMS – official western music society of IIT Kharagpur                                        [2008- 2011]', 'Ø  Winner, 5 gold & 6 silver positions -  Intra-IIT General Championships events                                           [2007-2010]', 'Ø Social and cultural [3 gold, 4 silver] -Dramatics, Western Groups, English Elocution, Western Vocals, Eastern Groups', 'Ø Sports [1 gold, 1 silver] – Cricket ;  Technology [1 gold, 1 silver] -Ad Design', 'Ø  Member , Indian Youth Climate Network (Agents of Change Program)                                                                       [2009]', 'Ø Youth climate –awareness organisation represented at the UNFCCC negotiations (COP 15) in Copenhagen.', 'Ø  Five-time awardee – ‘Best All-Round Student’ - Gitanjali School, Hyderabad                                             [1994-2004]']"
80,"['Website', 'Budget', 'Plan', 'Sports', 'Research', 'International', 'Research projects', 'Sales', 'Statistics', 'Video']['Performed in over 20 concerts in Bangalore and Chennai with a 500+ strong audience', '‘Wildfire’ Rock Competition, ‘10', 'for Carnatic classical flute, ‘03;', '(cid:73)(cid:110)(cid:116)(cid:101)(cid:114)(cid:45)(cid:73)(cid:73)(cid:84)(cid:32)(cid:77)(cid:117)(cid:115)(cid:105)(cid:99)(cid:32)(cid:67)(cid:111)(cid:109)(cid:112)(cid:101)(cid:116)(cid:105)(cid:116)(cid:105)(cid:111)(cid:110)', 'music bands at the', '(cid:78)(cid:97)(cid:116)(cid:105)(cid:111)(cid:110)(cid:97)(cid:108)(cid:32)(cid:76)(cid:101)(cid:118)(cid:101)(cid:108)', '(cid:79)(cid:84)(cid:72)(cid:69)(cid:82) (cid:73)(cid:78)(cid:84)(cid:69)(cid:82)(cid:69)(cid:83)(cid:84)(cid:83)', 'Lead guitarist for the institute music team at the', ', Chennai, December, ‘08', 'winner with the hostel eastern (flautist) and western (lead guitarist) music teams, ‘08, ‘09', 'Participated in over 20 rock and wall climbing scenarios to a height of 60 ft', 'Rafted in over 30 white-water rapids up to level IV in India and USA', '(cid:61607) (cid:82)(cid:97)(cid:110)(cid:107)(cid:101)(cid:100)(cid:32)(cid:54)(cid:116)(cid:104)(cid:32)(cid:111)(cid:117)(cid:116)(cid:32)(cid:111)(cid:102)(cid:32)(cid:53)(cid:48)', '(cid:61607)', '(cid:61607) (cid:71)(cid:111)(cid:108)(cid:100)(cid:32)(cid:109)(cid:101)(cid:100)(cid:97)(cid:108)', '(cid:61607)', '(cid:61607)', '-', '-', '(cid:61607)', '(cid:61607)', '(cid:61607)', '(cid:61607)', '(cid:61607)', '(cid:61607)', '(cid:61607)', '(cid:61607)', '(cid:61607)', '(cid:61607)', '(cid:61607)', '(cid:61607)', '(cid:61607)']"
81,"['Communication', 'Budget', 'Process', 'Analysis', 'Plan', 'Forecasting', 'Hotel', 'Analyze', 'Training', 'Economics', 'Matlab']['DEGREE']"
82,"['Security', 'Technical', 'Analytics', 'Advertising', 'Analysis', 'Pharmaceutical', 'Cfa', 'Hypothesis', 'Construction', 'Sports', 'Human resource', 'Economics', 'Matlab', 'Email', 'Sales']"
83,"['C++', 'Security', 'Ms excel', 'Analysis', 'Reporting', 'Writing', 'Transport', 'Programming', 'C', 'Sas', 'System', 'Statistics', 'Portfolio management', 'Startup', 'Excel', 'Email', 'Mis', 'Certification', 'R']"
84,"['Operating systems', 'Autocad', 'Analysis', 'Emacs', 'Process', 'Linux', 'C', 'Algorithms', 'Technical', 'Design', 'Visual', 'Windows', 'Math', 'Forecasting', 'System', 'Access', 'Experimental', 'Coding', 'C++', 'Programming', 'Java', 'Economics', 'Database', 'Sas', 'Unix', 'Training', 'Statistics']"
85,"['Design', 'Finance', 'Mathematics', 'Analysis', 'Plan', 'C', 'Video', 'System', 'Java', 'Training', 'P', 'Matrix', 'Opencv', 'Email', 'Electrical', 'Statistics', 'R']"
86,"['Finance', 'Analysis', 'Reports', 'Cfa', 'Engineering', 'Research', 'Analyze', 'Economics', 'International', 'Email']"
87,"['Communication', 'Mock', 'Pharmaceutical', 'Policies', 'Mathematics', 'Analysis', 'Modeling', 'Engineering', 'Research', 'Audit', 'Partnerships', 'P', 'Partnership', 'International', 'Mobile', 'Email', 'Statistics']"
88,"['Analysis', 'Process', 'C', 'Research', 'Statistics', 'Technical', 'Flex', 'Windows', 'Modeling', 'Mathematics', 'International', 'Excel', 'Erp', 'R', 'Word', 'C++', 'Programming', 'Adobe', 'Ibm', 'Matlab', 'Finance', 'Consulting', 'Sap', 'Database', 'Sas', 'Powerpoint', 'Physics', 'Mobile', 'Certification']"
89,"['Coding', 'Python', 'Security', 'Design', 'Windows', 'Hardware', 'Linux', 'Programming', 'C', 'Html', 'Engineering', 'Java', 'Research', 'System', 'Researching', 'Sports', 'Mobile', 'Mysql', 'Php', 'Android']['M.Tech Project', 'B.Tech Project']"
90,"['Accounting', 'Design', 'Finance', 'Hardware', 'Email', 'English', 'C', 'System', 'Research', 'Economics', 'Technical', 'Green']"
91,"['Autocad', 'Analysis', 'Linux', 'C', 'Html', 'Engineering', 'Research', 'Algorithms', 'Photoshop', 'Windows', 'Mathematics', 'Math', 'System', 'Excel', 'R', 'Word', 'C++', 'Budget', 'Programming', 'Matlab', 'Sas', 'Powerpoint', 'Physics', 'Merchant', 'Statistics']"
92,"['Analysis', 'Process', 'Engineering', 'Research', 'Design', 'Mathematics', 'Forecasting', 'System', 'International', 'Excel', 'R', 'Cfa', 'Sports', 'Budgeting', 'Economics', 'Mis', 'Microsoft excel', 'Finance', 'Certification', 'Sas', 'Training', 'Statistics']"
93,"['Accounting', 'Design', 'Budget', 'Mathematics', 'Analysis', 'Cfa', 'Forecasting', 'Cms', 'Process', 'Mining', 'Experiments', 'Algorithms', 'Training', 'International', 'Statistics', 'R']['Degree/Certificate']['Bank of India, Jamshedpur', 'TOPIC: “Performance of  NON –PERFORMING ASSETS” of  the Bank .', '(cid:216)  Studied the mechanism how the banks declare NPA according to RBI norms.', '(cid:216)  Suggested ideas from which banks could recover Substantial amount of their NPAs.', '(cid:216)  Prepared a  Questionnaire for the existing customers of the Bank for better understanding', 'Achievement:   “Due to my recommendations Bank could  recover substantial amount of NPA”', 'University of Pisa, Italy', 'TOPIC: “Small Area Estimation applied to EBLUP estimators”', '[may –july  2009]', '(cid:216)  Studied how Small area estimation is done using EBLUP estimators and also the R-code Written to find those estimates', '(cid:216)  Optimized the R-code written to Find EBLUP estimates', '(cid:216)  My idea was implemented in the R-code', 'Achievement:   “There was a significant decrease in the computational time of calculation of  these estimates”', 'RELEVANT  COURSES :', 'Prob & Statistics ,Statistical Inference ,Regression Analysis ,FODBMS ,Design of Algorithms ,Sampling techniques ,Econometrics', 'Genetic algorithms ,Financial Mgmt ,Design of Experiments ,Cost accounting , Time series and forecasting ,Stochastic process.']"
94,"['Analysis', 'Construction', 'Engineering', 'Sports', 'Analyze', 'Training', 'Crm', 'Economics', 'Matlab', 'Email', 'Immigration']['DEGREE', 'Integrated M.Sc. in Economics']"
95,"['Mathematics', 'Writing', 'Cfa', 'Certification', 'Database', 'C', 'Programming', 'Research', 'Java', 'Ai', 'Pdf', 'Email', 'Statistics', 'R']"
96,"['Tv', 'Design', 'Analysis', 'Mathematics', 'Analytical', 'Forecasting', 'Construction', 'Certification', 'Sas', 'Sports', 'Research', 'Algorithms', 'Statistics', 'R']"
97,"['Accounting', 'Analysis', 'Cfa', 'Database', 'Engineering', 'Statistics', 'System', 'Economics', 'Matlab', 'Certification']['Integrated MSc. in Statistics and']['PROJECT: Optimal Glidepath Selection of Target Date Funds by Monte Carlo Simulation', 'Organisation: Franklin Templeton Investments, Hyderabad                                                         May-July, 2010', '\uf0b7  Optimal allocation to invest between equity and fixed income classes was calculated for each year of an', 'investor from twenty five years of age till retirement to maximise his return at retirement with greater', 'certainty given his risk preference for target date funds, his contribution to the fund each year till retirement.', 'PROJECT: Software Implementation of Support Vector Machine and Glaucoma Data Analysis', 'Organisation: Indian Statistical Institute, Kolkata                                                                         May-July, 2009', '\uf0b7  The goal of this project is to implement a Support Vector Machine using Sequential Minimal Optimization', 'Algorithm in MATLAB used for solving binary classification problems and performing parameter', 'optimization to achieve best accuracy.Also, logistic regression and log linear models were applied to a', 'Glaucoma data and odds ratio of each factor was calculated for the same data.', 'PROJECT: Hybrid Fuzzy-Logistic and Fuzzy-Neuro predictive models for diabetes risk prediction.', 'Organization: Indian Council of Medical Research(ICMR), New Delhi, India                              December 2008', '\uf0b7  A Sugeno type fuzzy inference system, based on lifestyle and physiological parameters, was used to build the', 'preliminary fuzzy predictive model. The error cases of this model were removed and a refined database was', 'created to which Logistic Regression and Backpropagation Neural Networks were applied. The overall', 'efficiency of both these models was observed to be greater than 95% each.', 'EXTRA-CURRICULAR/CO-CURRICULAR ACTIVITIES', '\uf0b7  Member of Inter Hall Athletics team in running long races of 1500m, 2.2Km for the academic session 2007-08', 'and 08-09.', '\uf0b7  Member of Inter Hall Vollyball team for academic session 2007-08.', '\uf0b7  KSHITIJ and Spring fest (the two fests held at IIT Kharagpur) volunteer in my first year to manage the fests.']"
98,"['Javascript', 'Sql', 'C', 'Html', 'Engineering', 'Pytesseract', 'Pillow', 'System', 'Marketing', 'Opencv', 'Electronics', 'Wordpress', 'C++', 'Python', 'Postgresql', 'Website', 'Invoices', 'Plan', 'Programming', 'Java', 'Hotel', 'Xml', 'Matlab', 'Octave', 'Php', 'Testing', 'Hardware', 'Css', 'Database', 'Wheel', 'Mysql', 'Android']['Team KJSCE Robocon', '— Bot Programmer', '[JUNE 2018 - JANUARY 2019] - Vidyavihar, Mumbai', '●', '●', '●', 'Interfacing industrial sensors like LIDAR, HC-SR04, Encoders etc.', 'Programming AVR, ARM and Arduino', 'Bot testing', 'Three Wheel Drive', 'Interfaced a joystick with a three wheel bot.', 'Embedded C', 'Fence Following Bot', 'Programmed a bot to follow a wall while maintaining a given', 'distance.', 'Embedded C and Ultrasonic sensor (HC-SR04)', 'Hotel Management', 'A website for a hotel management system.', 'SQL, PHP, HTML, CSS and Javascript', 'Lane Detection', 'Implemented a program to detect lanes on a road.', 'OpenCV', 'Invoice to Data', 'Created an application which extracts relevant data from Invoices.', 'OpenCV, Pytesseract, RegEx', 'Eazytrip', 'Developed a website which helps users plan their holidays', 'Bootstrap, JQuery, Javascript', 'Flappy Bird Clone', 'Recreated the game Flappy Bird with refreshed features', 'Android Studio, LibGDX', 'ACHIEVEMENTS', 'Award for the highest marks in Computer Applications', 'Principal’s scholarship for standing', 'Participated in', '1st', '- 2019', 'VIT - Hackathon', 'in Electronics - 2017', '(100/100)', '- 2015', 'Project Name:', 'Hotel Management', 'Participated in', 'HackScript 1.0', 'Project Name:', 'Invoice to Data', 'LEAD ROLES AND TEAM-WORK', 'Class Representative', 'College Festivals, KJSCE', '- [2017 - PRESENT]', '- Organizing Group [2017 - 2018]', '\u200b', '\u200b', '\u200b', '\u200b', '\u200b', '\u200b', '\u200b', '\u200b', '\u200b', '\u200b', '\u200b', '\u200b', '●', '●', '●', '- Bot Programmer [JUNE 2018 - JANUARY 2019]', 'Team KJSCE Robocon', 'Campus Chapter of Codechef - KJSCE Codecell', '[JUNE 2019 - PRESENT]', 'KJSCE HACK 4.0', '- Marketing Team [JUNE 2019 - PRESENT]', '- Public Relation Officer', '\u200b', '\u200b', '\u200b']"
99,"['Javascript', 'C', 'Html', 'Github', 'Google drive', 'Engineering', 'Pdf', 'Api', 'Video', 'Math', 'Ui', 'Researching', 'Coding', 'Python', 'Website', 'Postgresql', 'Gmail', 'Java', 'Hotel', 'Transactions', 'Matlab', 'Php', 'Css', 'Database', 'Travel', 'Mobile', 'Mysql', 'Android']['Science Tutor :', 'Tutored 10th,11th standard students in subjects like Phy,Chem,Math', 'Responsibilities:', 'o  Teach important and crucial concepts.', 'o  Clear doubts and prepare practice questions.', 'o  Make sure all students are doing their work.', '[Duration 1.5 years]', 'Intern at Riidl:', 'Worked under Riidl’s Project Based Learning Programme.', 'Responsibilities:', 'o  Make a Video News Android Application.', 'o  Distribute work load and give follow up.', '[1 month]', 'Inhouse Intern:', 'Internship under HOD EXTC at KJSCE', 'Mob il e:  961- 939 - 91 69        dam a.d j @ so mai ya .ed u', 'Responsibilities:', 'device.', 'o  Make a ECG sensor that is accurate and which provides output on an android', 'o  Co-ordinate with team members and fulfill tasks such as researching for', 'parts, prices, compatibilities.', 'o  Clean and display data provided by the ECG sensors using MATLAB.', 'o  Make UI for the project', '[2 months]']"
100,"['Finance', 'Compliance', 'English', 'C', 'Due diligence', 'Banking', 'Tax', 'Audit', 'Training', 'Economics', 'Mobile', 'Email', 'R']['Mobile: +919619496873 Board Line: +912240690701', '\uf0d8  Group Executive Director & Group Financial Strategist (Crown Group of Companies):', '\uf0b7  Advising Private Client Group on Equity & Debt Market Investment Strategies.', '\uf0b7  Managing Client & Proprietary Assets to the tune of USD $50million in India.', '\uf0b7  Trading on Indian Equities, Debt, Derivatives, Currencies, Commodities & ETF Markets', '\uf0b7', '\uf0b7', '\uf0b7', '\uf0b7', '\uf0b7  Other areas include Taxation, Accounts, Audit, Due Diligence, Compliance &Tax Appeals', 'Structuring & Advising on Real Estate Investment & NIFTY Index Derivative Products', 'Pursuing Project Finance & Debt/Equity Syndication for Client Mandates', 'I-Banking, Broking, PMS, Insurance &Wealth Management Practice for Private Clients', 'Practice & Compliance of Indian Securities & Arbitration Law (SAT, SEBI & Exchanges)', 'Professional & Academic Qualifications:', '\uf0d8  Chartered Accountant (C.A.) (2008)', '\uf0d8  Masters in Business Finance (M.B.F) (I.C.A.I) (2012)*', '\uf0d8  Post Graduate in Securities Law (PG (Sec Law)) (2008)', '\uf0d8  Bachelor of Law (L.L.B) (1999)', '\uf0d8  Bachelor of Commerce (B.com) (1993)']"
101,"['Internal controls', 'Analysis', 'Process', 'Controls', 'Banking', 'Sourcing', 'Financial analysis', 'Vendors', 'Regulatory', 'Modeling', 'Reporting', 'Oracle', 'Erp', 'Operations', 'Business plans', 'Negotiation', 'Proposal', 'Inventory', 'Inventory management', 'Tax', 'Budgeting', 'Mis', 'Documentation', 'Strategy', 'Accounting', 'Benchmarking', 'Finance', 'Sap', 'Project management', 'Financial reporting', 'Compliance']['processes for accuracy and completeness as well as putting in place the best in class', 'practices.', 'July  2008  to  June  2013  worked  as  the  Chief  Financial  Officer  with  Tata', 'Communications  Payment  Solutions  Limited.  This  is  a  100%  subsidiary  of  Tata', 'Communications. The  company  is a leader  in  providing  Managed  Services  to  the', 'Banking industry for products like ATM/POS/Core Banking/Switching. Joined the', 'company at the start-up stage and it had revenues of Rs. 500 crores at the time of', 'my exit.', '\uf0b7', 'o  Key  member  of  executive  management  team  and  reported  to  the  Board;  was', 'primarily  responsible  for  performing  all  tasks  necessary  to  achieve  the', ""organization's  mission  while  managing"", 'the Financial Risks, Financial', 'Planning, Strategy, Record-keeping and Financial Reporting.', 'o  Responsibility  also  included  preparation  and  analysis  of  Business  Plans  and', 'Projected  Financial  Statements,  participation  in  developing  New  Businesses,', 'Break  Even  Analysis  and  Pricing  for  new  businesses,  Cost  Benefit  analysis,', 'Capex  and  Opex  Budgeting,  various  MIS,  Business  Insurance  plans  and', 'maintenance  of  Inventory  of  all  fixed  assets.  Treasury  operations  including', 'projecting fund requirement and ensure optimum utilization of funds. Financial', 'Modeling,  Project  feasibility,  funding  proposal  and  dealing  with  bankers  &', 'consultants.', 'o  Ensuring  fiscal/statutory  compliance  -  direct  and  indirect  taxation.  Procure', 'relevant registrations i.e. PF, Labour laws, IEC code, VAT & Service Tax, etc.', 'o  Strategic  inputs  for  Business  in  relation  to  various  critical  decisions  and', 'participate  in  negotiation  with  customers  and  vendors.  Develop,  drive  and', 'maintain  systems  of  Internal  Controls  to  safeguard  financial  assets  of  the', 'organization, periodical audits, etc.', 'o  Overseeing', 'the  Supply  Chain  Management  function  covering  Strategic', 'Sourcing, Supplier Evaluation and Selection, Price Benchmarking, Negotiation,', 'Order Management, continuous cost reduction and Inventory Management.', '\uf0b7  May  2006  to June  2008  worked  as  Financial  Controller  and responsible  for', '\uf0b7', '\uf0b7', '\uf0b7', 'the overall Financial Control and Reporting of Tata Teleservices Limited', 'June  2002  to  April  2006  –  Head  of  Finance  -  Tata  Teleservices  Limited  –', 'Central Hub comprising of Gujarat, MP and Chhattisgarh', 'January  2001  to  May  2002  –  General  Manager  -  Finance  in  Tata  Internet', 'Services Limited', 'February  1998  to  January  2001  –  Senior  Manager  –  Finance,  Tata', 'Teleservices', 'Prior to joining the Tata Group', 'o  Adroit  Financial  Services  as  Director  (Finance  and  Accounts)  April  1994  to', 'January 1998', 'o  Multi-Tech Computers as Manager - Finance March 1988 to April 1994', 'o  Mehta,  Grover  &  Sharma,  Chartered  Accountants;  January  1985  to  February', '1988']"
